Date,Standard4,Taiko4,CtB4,Mania4,Standard3,Taiko3,CtB3,Mania3
2020-11-26,7081,2414,1425,4809,,,,
2020-11-27,7087,2419,1428,4812,,,,
2020-11-28,7088,2421,1430,4813,,,,
2020-11-29,7090,2423,1431,4815,,,,
2020-11-30,7091,2426,1431,4815,,,,
2020-12-01,7092,2428,1431,4816,,,,
2020-12-02,7093,2431,1433,4818,,,,
2020-12-03,7094,2433,1435,4818,,,,
2020-12-04,7095,2436,1436,4820,,,,
2020-12-05,7096,2438,1437,4823,,,,
2020-12-06,7098,2440,1438,4824,,,,
2020-12-07,7099,2444,1438,4826,,,,
2020-12-08,7100,2446,1440,4827,,,,
2020-12-09,7102,2448,1441,4827,,,,
2020-12-10,7104,2450,1443,4829,,,,
2020-12-11,7105,2453,1443,4829,,,,
2020-12-12,7107,2454,1445,4831,,,,
2020-12-13,7108,2457,1445,4832,,,,
2020-12-14,7111,2460,1446,4833,,,,
2020-12-15,7112,2462,1447,4834,,,,
2020-12-16,7114,2464,1447,4836,,,,
2020-12-17,7116,2465,1448,4838,,,,
2020-12-18,7117,2465,1450,4839,,,,
2020-12-19,7118,2468,1451,4840,,,,
2020-12-20,7119,2471,1452,4843,,,,
2020-12-21,7120,2474,1453,4843,,,,
2020-12-22,7122,2475,1453,4844,,,,
2020-12-23,7123,2478,1453,4847,,,,
2020-12-24,7127,2480,1454,4847,,,,
2020-12-25,7129,2483,1456,4848,,,,
2020-12-26,7131,2485,1457,4849,,,,
2020-12-27,7133,2488,1458,4850,,,,
2020-12-28,7135,2491,1459,4852,,,,
2020-12-29,7136,2492,1461,4854,,,,
2020-12-30,7137,2495,1461,4856,,,,
2020-12-31,7139,2498,1463,4859,,,,
2021-01-01,7140,2500,1463,4861,,,,
2021-01-02,7142,2501,1463,4863,,,,
2021-01-03,7146,2503,1465,4864,,,,
2021-01-04,7148,2504,1466,4865,,,,
2021-01-05,7149,2507,1467,4866,,,,
2021-01-06,7150,2509,1468,4868,,,,
2021-01-07,7154,2511,1469,4870,,,,
2021-01-08,7154,2513,1469,4871,,,,
2021-01-09,7156,2515,1470,4875,,,,
2021-01-10,7159,2517,1471,4876,,,,
2021-01-11,7159,2519,1473,4876,,,,
2021-01-12,7161,2520,1473,4877,,,,
2021-01-13,7163,2524,1474,4878,,,,
2021-01-14,7165,2525,1475,4878,,,,
2021-01-15,7166,2526,1476,4882,,,,
2021-01-16,7061,2528,1477,4885,,,,
2021-01-17,7068,2531,1478,4886,,,,
2021-01-18,7071,2532,1480,4888,,,,
2021-01-19,7075,2535,1480,4890,,,,
2021-01-20,7078,2535,1482,4892,,,,
2021-01-21,7081,2536,1482,4894,,,,
2021-01-22,7083,2539,1483,4895,,,,
2021-01-23,7086,2540,1484,4897,,,,
2021-01-24,7089,2540,1486,4899,,,,
2021-01-25,7092,2543,1487,4902,,,,
2021-01-26,7093,2545,1488,4903,,,,
2021-01-27,7095,2547,1488,4904,,,,
2021-01-28,7096,2549,1490,4905,,,,
2021-01-29,7099,2551,1490,4907,,,,
2021-01-30,7101,2552,1491,4908,,,,
2021-01-31,7103,2553,1491,4909,,,,
2021-02-01,7107,2554,1493,4912,,,,
2021-02-02,7111,2556,1493,4915,,,,
2021-02-03,7112,2558,1495,4917,,,,
2021-02-04,7115,2559,1497,4919,,,,
2021-02-05,7117,2562,1497,4921,,,,
2021-02-06,7119,2565,1498,4921,,,,
2021-02-07,7122,2566,1499,4922,,,,
2021-02-08,7124,2568,1499,4923,,,,
2021-02-09,7127,2571,1501,4924,,,,
2021-02-10,7129,2575,1502,4925,,,,
2021-02-11,7131,2577,1503,4928,,,,
2021-02-12,7132,2578,1504,4929,,,,
2021-02-13,7135,2580,1506,4931,,,,
2021-02-14,7138,2582,1506,4933,,,,
2021-02-15,7140,2585,1507,4934,,,,
2021-02-16,7142,2587,1507,4936,,,,
2021-02-17,7145,2588,1509,4938,,,,
2021-02-18,7147,2590,1511,4939,,,,
2021-02-19,7149,2592,1512,4942,,,,
2021-02-20,7151,2593,1512,4944,,,,
2021-02-21,7153,2595,1513,4946,,,,
2021-02-22,7157,2598,1515,4948,,,,
2021-02-23,7159,2601,1515,4950,,,,
2021-02-24,7160,2602,1517,4951,,,,
2021-02-25,7162,2604,1517,4953,,,,
2021-02-26,7165,2606,1518,4954,,,,
2021-02-27,7167,2607,1519,4958,,,,
2021-02-28,7169,2610,1520,4960,,,,
2021-03-01,7171,2612,1520,4960,,,,
2021-03-02,7173,2614,1521,4964,,,,
2021-03-03,7176,2615,1522,4964,,,,
2021-03-04,7177,2618,1523,4966,,,,
2021-03-05,7179,2619,1525,4968,,,,
2021-03-06,7181,2620,1525,4971,,,,
2021-03-07,7184,2622,1527,4973,,,,
2021-03-08,7186,2624,1529,4975,,,,
2021-03-09,7189,2625,1530,4977,,,,
2021-03-10,7191,2627,1530,4978,,,,
2021-03-11,7193,2628,1531,4979,,,,
2021-03-12,7195,2630,1532,4981,,,,
2021-03-13,7197,2630,1532,4984,,,,
2021-03-14,7199,2633,1534,4985,,,,
2021-03-15,7202,2634,1534,4987,,,,
2021-03-16,7204,2636,1535,4989,,,,
2021-03-17,7206,2639,1536,4990,,,,
2021-03-18,7208,2639,1536,4991,,,,
2021-03-19,7211,2640,1538,4993,,,,
2021-03-20,7213,2643,1540,4996,,,,
2021-03-21,7215,2644,1541,5000,,,,
2021-03-22,7217,2645,1541,5000,,,,
2021-03-23,7218,2648,1543,5002,,,,
2021-03-24,7220,2650,1544,5003,,,,
2021-03-25,7221,2653,1544,5005,,,,
2021-03-26,7224,2654,1545,5006,,,,
2021-03-27,7226,2656,1545,5008,,,,
2021-03-28,7228,2658,1546,5010,,,,
2021-03-29,7229,2660,1548,5012,,,,
2021-03-30,7231,2662,1549,5013,,,,
2021-03-31,7233,2663,1550,5015,,,,
2021-04-01,7235,2664,1550,5017,,,,
2021-04-02,7237,2667,1551,5020,,,,
2021-04-03,7238,2668,1552,5021,,,,
2021-04-04,7242,2671,1552,5023,,,,
2021-04-05,7245,2673,1553,5023,,,,
2021-04-06,7247,2674,1555,5026,,,,
2021-04-07,7249,2675,1556,5028,,,,
2021-04-08,7252,2679,1557,5030,,,,
2021-04-09,7256,2679,1558,5032,,,,
2021-04-10,7259,2681,1559,5035,,,,
2021-04-11,7260,2682,1559,5039,,,,
2021-04-12,7262,2684,1560,5041,,,,
2021-04-13,7265,2685,1560,5042,,,,
2021-04-14,7266,2686,1560,5045,,,,
2021-04-15,7268,2688,1561,5047,,,,
2021-04-16,7271,2689,1562,5049,,,,
2021-04-17,7273,2691,1562,5051,,,,
2021-04-18,7273,2692,1564,5052,,,,
2021-04-19,7274,2692,1565,5055,,,,
2021-04-20,7274,2692,1566,5056,,,,
2021-04-21,7277,2694,1567,5057,,,,
2021-04-22,7278,2695,1568,5061,,,,
2021-04-23,7279,2696,1569,5064,,,,
2021-04-24,7282,2699,1569,5067,,,,
2021-04-25,7285,2701,1570,5069,,,,
2021-04-26,7286,2702,1571,5072,,,,
2021-04-27,7289,2703,1572,5074,,,,
2021-04-28,7290,2703,1572,5074,,,,
2021-04-29,7293,2706,1572,5076,,,,
2021-04-30,7295,2707,1573,5077,,,,
2021-05-01,7297,2709,1574,5080,,,,
2021-05-02,7298,2711,1575,5083,,,,
2021-05-03,7300,2713,1576,5084,,,,
2021-05-04,7301,2717,1577,5087,,,,
2021-05-05,7306,2719,1577,5087,,,,
2021-05-06,7308,2720,1579,5088,,,,
2021-05-07,7311,2722,1580,5090,,,,
2021-05-08,7314,2723,1582,5091,,,,
2021-05-09,7317,2725,1583,5092,,,,
2021-05-10,7318,2726,1584,5095,,,,
2021-05-11,7320,2727,1585,5097,,,,
2021-05-12,7321,2729,1585,5097,,,,
2021-05-13,7323,2730,1586,5100,,,,
2021-05-14,7326,2731,1587,5102,,,,
2021-05-15,7328,2732,1587,5106,,,,
2021-05-17,7333,2736,1590,5108,,,,
2021-05-18,7336,2739,1591,5109,,,,
2021-05-19,7338,2742,1592,5111,,,,
2021-05-20,7341,2743,1592,5114,,,,
2021-05-21,7342,2744,1593,5116,,,,
2021-05-22,7344,2747,1593,5118,,,,
2021-05-23,7346,2749,1593,5121,,,,
2021-05-24,7348,2751,1594,5122,,,,
2021-05-25,7351,2752,1595,5125,,,,
2021-05-26,7353,2754,1596,5125,,,,
2021-05-27,7355,2755,1597,5127,,,,
2021-05-28,7357,2756,1598,5128,,,,
2021-05-29,7358,2758,1598,5128,,,,
2021-05-30,7359,2762,1599,5130,,,,
2021-05-31,7362,2763,1600,5133,,,,
2021-06-01,7365,2764,1600,5134,,,,
2021-06-02,7366,2766,1601,5136,,,,
2021-06-03,7367,2767,1601,5137,,,,
2021-06-04,7369,2769,1602,5140,,,,
2021-06-05,7373,2770,1603,5142,,,,
2021-06-06,7375,2773,1603,5146,,,,
2021-06-07,7376,2774,1604,5148,,,,
2021-06-08,7378,2775,1604,5148,,,,
2021-06-09,7380,2776,1605,5149,,,,
2021-06-10,7383,2777,1605,5153,,,,
2021-06-11,7385,2777,1606,5154,,,,
2021-06-12,7387,2779,1606,5157,,,,
2021-06-13,7389,2781,1607,5158,,,,
2021-06-14,7391,2782,1608,5161,,,,
2021-06-15,7392,2783,1609,5164,,,,
2021-06-16,7393,2784,1610,5165,,,,
2021-06-17,7396,2786,1610,5166,,,,
2021-06-18,7397,2787,1611,5167,,,,
2021-06-19,7400,2789,1612,5170,,,,
2021-06-20,7402,2790,1612,5171,,,,
2021-06-21,7403,2791,1613,5172,,,,
2021-06-22,7404,2792,1614,5174,,,,
2021-06-23,7406,2794,1615,5178,,,,
2021-06-24,7409,2796,1615,5181,,,,
2021-06-25,7409,2798,1616,5182,,,,
2021-06-26,7411,2799,1616,5184,,,,
2021-06-27,7413,2801,1616,5186,,,,
2021-06-28,7414,2802,1617,5188,,,,
2021-06-29,7414,2805,1617,5188,,,,
2021-06-30,7417,2806,1618,5190,,,,
2021-07-01,7418,2807,1618,5194,,,,
2021-07-02,7420,2807,1618,5197,,,,
2021-07-03,7423,2808,1619,5199,,,,
2021-07-04,7424,2809,1620,5201,,,,
2021-07-05,7427,2810,1620,5203,,,,
2021-07-06,7429,2811,1621,5207,,,,
2021-07-07,7430,2813,1622,5208,,,,
2021-07-08,7432,2814,1622,5210,,,,
2021-07-09,7434,2815,1624,5213,,,,
2021-07-10,7436,2816,1625,5215,,,,
2021-07-11,7438,2816,1625,5217,,,,
2021-07-12,7440,2817,1626,5219,,,,
2021-07-13,7441,2818,1627,5222,,,,
2021-07-14,7443,2820,1628,5225,,,,
2021-07-15,7445,2821,1628,5227,,,,
2021-07-16,7446,2822,1629,5230,,,,
2021-07-17,7448,2824,1630,5232,,,,
2021-07-18,7450,2825,1630,5235,,,,
2021-07-19,7450,2827,1631,5237,,,,
2021-07-20,7453,2829,1632,5239,,,,
2021-07-21,7455,2830,1632,5240,,,,
2021-07-22,7456,2830,1633,5241,,,,
2021-07-23,7459,2832,1633,5244,,,,
2021-07-24,7461,2833,1634,5245,,,,
2021-07-25,7462,2835,1634,5247,,,,
2021-07-26,7464,2836,1635,5249,,,,
2021-07-27,7466,2837,1636,5251,,,,
2021-07-28,7468,2838,1638,5253,,,,
2021-07-29,7470,2838,1638,5256,,,,
2021-07-30,7471,2840,1638,5259,,,,
2021-07-31,7473,2842,1639,5261,,,,
2021-08-01,7290,2845,1641,5266,,,,
2021-08-02,7293,2847,1641,5267,,,,
2021-08-03,7297,2614,1400,4852,,,,
2021-08-04,7300,2615,1403,4861,,,,
2021-08-05,7302,2619,1404,4868,,,,
2021-08-06,7304,2621,1406,4872,,,,
2021-08-07,7306,2625,1409,4880,,,,
2021-08-08,7308,2628,1411,4885,,,,
2021-08-09,7311,2630,1413,4891,,,,
2021-08-10,7314,2632,1415,4896,,,,
2021-08-11,7316,2634,1417,4900,,,,
2021-08-12,7317,2635,1419,4904,,,,
2021-08-13,7319,2637,1419,4909,,,,
2021-08-14,7320,2639,1421,4913,,,,
2021-08-15,7323,2641,1422,4920,,,,
2021-08-16,7324,2641,1424,4928,,,,
2021-08-17,7326,2644,1426,4932,,,,
2021-08-18,7329,2645,1428,4935,,,,
2021-08-19,7332,2648,1429,4938,,,,
2021-08-20,7333,2651,1431,4941,,,,
2021-08-21,7336,2653,1432,4945,,,,
2021-08-22,7339,2655,1433,4947,,,,
2021-08-23,7341,2656,1435,4951,,,,
2021-08-24,7342,2659,1437,4953,,,,
2021-08-25,7345,2662,1439,4957,,,,
2021-08-26,7346,2663,1441,4961,,,,
2021-08-27,7347,2665,1442,4965,,,,
2021-08-28,7348,2669,1445,4969,,,,
2021-08-29,7350,2671,1446,4974,,,,
2021-08-30,7352,2675,1447,4979,,,,
2021-08-31,7353,2678,1450,4981,,,,
2021-09-01,7356,2678,1451,4985,,,,
2021-09-02,7357,2680,1451,4989,,,,
2021-09-03,7359,2682,1452,4991,,,,
2021-09-04,7361,2684,1453,4994,,,,
2021-09-05,7363,2686,1454,4997,,,,
2021-09-06,7364,2688,1455,5002,,,,
2021-09-07,7364,2689,1456,5005,,,,
2021-09-08,7366,2689,1457,5007,,,,
2021-09-09,7367,2690,1458,5012,,,,
2021-09-10,7369,2692,1459,5014,,,,
2021-09-11,7371,2695,1459,5017,,,,
2021-09-12,7373,2696,1460,5020,,,,
2021-09-13,7375,2698,1462,5024,,,,
2021-09-14,7376,2698,1464,5026,,,,
2021-09-15,7378,2701,1464,5031,,,,
2021-09-16,7379,2703,1466,5035,,,,
2021-09-17,7381,2704,1466,5037,,,,
2021-09-18,7384,2706,1468,5041,,,,
2021-09-19,7386,2709,1468,5044,,,,
2021-09-20,7389,2711,1469,5046,,,,
2021-09-21,7391,2713,1470,5049,,,,
2021-09-22,7394,2715,1471,5053,,,,
2021-09-23,7395,2716,1472,5055,,,,
2021-09-24,7398,2718,1473,5057,,,,
2021-09-25,7399,2719,1475,5059,,,,
2021-09-26,7401,2720,1476,5063,,,,
2021-09-27,7403,2722,1476,5064,,,,
2021-09-28,7404,2723,1477,5068,,,,
2021-09-29,7406,2724,1478,5070,,,,
2021-09-30,7407,2726,1479,5072,,,,
2021-10-01,7409,2728,1479,5075,,,,
2021-10-02,7410,2729,1481,5078,,,,
2021-10-03,7412,2731,1482,5081,,,,
2021-10-04,7414,2732,1483,5084,,,,
2021-10-05,7415,2733,1484,5087,,,,
2021-10-06,7419,2734,1485,5089,,,,
2021-10-07,7421,2735,1485,5094,,,,
2021-10-08,7422,2737,1486,5097,,,,
2021-10-09,7425,2739,1487,5103,,,,
2021-10-10,7427,2742,1489,5107,,,,
2021-10-11,7429,2743,1490,5109,,,,
2021-10-12,7432,2744,1491,5111,,,,
2021-10-13,7434,2746,1492,5114,,,,
2021-10-14,7435,2748,1492,5117,,,,
2021-10-15,7437,2749,1493,5120,,,,
2021-10-16,7439,2751,1493,5124,,,,
2021-10-17,7440,2754,1495,5125,,,,
2021-10-18,7442,2755,1496,5127,,,,
2021-10-19,7444,2756,1497,5132,,,,
2021-10-20,7446,2756,1497,5134,,,,
2021-10-21,7449,2758,1499,5134,,,,
2021-10-22,7451,2762,1501,5138,,,,
2021-10-23,7453,2763,1502,5141,,,,
2021-10-24,7454,2765,1502,5144,,,,
2021-10-25,7456,2767,1503,5146,,,,
2021-10-26,7459,2769,1505,5151,,,,
2021-10-27,7462,2769,1505,5153,,,,
2021-10-28,7463,2770,1505,5155,,,,
2021-10-29,7465,2772,1507,5158,,,,
2021-10-30,7466,2773,1509,5158,,,,
2021-10-31,7468,2775,1510,5165,,,,
2021-11-01,7469,2776,1511,5168,,,,
2021-11-02,7471,2777,1511,5172,,,,
2021-11-03,7473,2779,1513,5174,,,,
2021-11-04,7474,2780,1513,5179,,,,
2021-11-05,7475,2782,1513,5182,,,,
2021-11-06,7476,2784,1514,5185,,,,
2021-11-07,7478,2785,1515,5190,,,,
2021-11-08,7480,2786,1515,5193,,,,
2021-11-09,7481,2787,1516,5195,,,,
2021-11-10,7194,2788,1516,5197,,,,
2021-11-11,7198,2790,1517,5200,,,,
2021-11-12,7203,2791,1518,5203,,,,
2021-11-13,7184,2794,1519,5204,,,,
2021-11-14,7187,2796,1519,5209,,,,
2021-11-15,7188,2797,1520,5210,,,,
2021-11-16,7190,2799,1520,5213,,,,
2021-11-17,7192,2801,1521,5215,,,,
2021-11-18,7194,2801,1521,5218,,,,
2021-11-19,7195,2803,1522,5222,,,,
2021-11-20,7198,2804,1523,5224,,,,
2021-11-21,7199,2805,1524,5228,,,,
2021-11-22,7200,2807,1524,5230,,,,
2021-11-23,7202,2808,1525,5233,,,,
2021-11-24,7203,2810,1525,5236,,,,
2021-11-25,7204,2810,1527,5239,,,,
2021-11-26,7205,2811,1528,5242,,,,
2021-11-27,7208,2812,1528,5245,,,,
2021-11-28,7211,2814,1529,5248,,,,
2021-11-29,7212,2814,1530,5251,,,,
2021-11-30,7214,2814,1530,5254,,,,
2021-12-01,7215,2815,1531,5257,,,,
2021-12-02,7216,2816,1532,5260,,,,
2021-12-03,7217,2817,1532,5261,,,,
2021-12-04,7218,2817,1535,5264,,,,
2021-12-05,7219,2820,1536,5268,,,,
2021-12-06,7221,2822,1537,5271,,,,
2021-12-07,7223,2824,1538,5273,,,,
2021-12-08,7224,2825,1539,5278,,,,
2021-12-09,7225,2826,1539,5280,,,,
2021-12-10,7228,2828,1540,5283,,,,
2021-12-11,7231,2829,1540,5286,,,,
2021-12-12,7232,2830,1541,5290,,,,
2021-12-13,7233,2832,1542,5291,,,,
2021-12-14,7235,2834,1542,5293,,,,
2021-12-15,7236,2836,1543,5296,,,,
2021-12-16,7238,2837,1544,5301,,,,
2021-12-17,7241,2839,1544,5302,,,,
2021-12-18,7242,2840,1545,5305,,,,
2021-12-19,7243,2840,1547,5308,,,,
2021-12-20,7245,2842,1547,5309,,,,
2021-12-21,7246,2842,1548,5314,,,,
2021-12-22,7246,2844,1550,5316,,,,
2021-12-23,7249,2845,1550,5320,,,,
2021-12-24,7250,2846,1550,5324,,,,
2021-12-25,7252,2846,1551,5329,,,,
2021-12-26,7253,2848,1552,5332,,,,
2021-12-27,7253,2850,1552,5334,,,,
2021-12-28,7254,2851,1554,5337,,,,
2021-12-29,7255,2851,1555,5339,,,,
2021-12-30,7257,2852,1555,5343,,,,
2021-12-31,7258,2853,1556,5344,,,,
2022-01-01,7259,2856,1556,5348,,,,
2022-01-02,7260,2856,1557,5348,,,,
2022-01-03,7261,2857,1559,5350,,,,
2022-01-04,7263,2859,1560,5352,,,,
2022-01-05,7264,2859,1560,5355,,,,
2022-01-06,7266,2860,1561,5357,,,,
2022-01-07,7266,2861,1562,5359,,,,
2022-01-08,7267,2862,1563,5361,,,,
2022-01-09,7268,2863,1563,5363,,,,
2022-01-10,7269,2864,1564,5368,,,,
2022-01-11,7270,2864,1564,5371,,,,
2022-01-12,7273,2865,1565,5373,,,,
2022-01-13,7275,2865,1566,5375,,,,
2022-01-14,7276,2866,1566,5378,,,,
2022-01-15,7278,2867,1567,5382,,,,
2022-01-16,7281,2869,1568,5387,,,,
2022-01-17,7283,2870,1569,5390,,,,
2022-01-18,7285,2871,1569,5396,,,,
2022-01-19,7287,2871,1571,5398,,,,
2022-01-20,7289,2872,1571,5400,,,,
2022-01-21,7291,2873,1572,5403,,,,
2022-01-22,7292,2873,1573,5406,,,,
2022-01-23,7294,2875,1574,5408,,,,
2022-01-24,7296,2876,1575,5412,,,,
2022-01-25,7297,2877,1575,5415,,,,
2022-01-26,7299,2880,1576,5419,,,,
2022-01-27,7300,2881,1576,5422,,,,
2022-01-28,7301,2883,1577,5424,,,,
2022-01-29,7302,2884,1579,5428,,,,
2022-01-30,7303,2886,1580,5433,,,,
2022-01-31,7305,2887,1582,5436,,,,
2022-02-01,7306,2888,1583,5439,,,,
2022-02-02,7308,2889,1583,5442,,,,
2022-02-03,7309,2891,1583,5445,,,,
2022-02-04,7310,2892,1584,5448,,,,
2022-02-05,7310,2893,1585,5450,,,,
2022-02-06,7313,2895,1585,5454,,,,
2022-02-07,7316,2896,1586,5457,,,,
2022-02-08,7316,2898,1587,5461,,,,
2022-02-09,7318,2899,1588,5464,,,,
2022-02-10,7320,2899,1588,5467,,,,
2022-02-11,7322,2900,1589,5471,,,,
2022-02-12,7323,2900,1589,5475,,,,
2022-02-13,7326,2902,1590,5477,,,,
2022-02-14,7327,2902,1590,5480,,,,
2022-02-15,7329,2904,1591,5483,,,,
2022-02-16,7330,2904,1592,5485,,,,
2022-02-17,7332,2905,1592,5487,,,,
2022-02-18,7334,2907,1593,5490,,,,
2022-02-19,7336,2909,1593,5493,,,,
2022-02-20,7337,2912,1594,5496,,,,
2022-02-21,7339,2913,1595,5498,,,,
2022-02-22,7340,2914,1596,5500,,,,
2022-02-23,7341,2917,1596,5504,,,,
2022-02-24,7342,2919,1597,5505,,,,
2022-02-25,7343,,1597,5509,,,,
2022-02-26,7344,2935,1599,5513,10744,6722,6759,9322
2022-02-27,7346,2937,1599,5515,10748,6722,6759,9322
2022-02-28,7347,2937,1599,5517,10751,6725,6760,9327
2022-03-01,7348,2937,1600,5518,10751,6727,6760,9334
2022-03-02,7350,2938,1601,5522,10753,6729,6759,9336
2022-03-03,7352,2939,1602,5523,10757,6729,6760,9336
2022-03-04,7353,2939,1602,5526,10757,6733,6766,9336
2022-03-05,7354,2940,1603,5528,10758,6734,6769,9337
2022-03-06,7356,2942,1603,5533,10759,6736,6770,9341
2022-03-07,7357,2942,1604,5534,10762,6734,6770,9341
2022-03-08,7359,2943,1605,5535,10763,6737,6769,9341
2022-03-09,7361,2943,1606,5538,10764,6740,6772,9342
2022-03-10,7362,2944,1607,5540,10765,6740,6779,9347
2022-03-11,7363,2945,1608,5543,10773,6741,6780,9348
2022-03-12,7364,2947,1608,5546,10776,6744,6787,9354
2022-03-13,7367,2948,1608,5550,10786,6745,6791,9357
2022-03-14,7368,2949,1610,5554,10786,6745,6791,9361
2022-03-15,7370,2950,1611,5556,10793,6746,6791,9362
2022-03-16,7372,2951,1612,5558,10795,6747,6795,9365
2022-03-17,7374,2952,1612,5561,10800,6748,6795,9371
2022-03-18,7375,2954,1612,5563,10800,6748,6795,9374
2022-03-19,7377,2955,1613,5567,10800,6750,6795,9378
2022-03-20,7378,2957,1614,5571,10802,6751,6795,9381
2022-03-21,7378,2957,1615,5576,10803,6751,6791,9385
2022-03-22,7379,2958,1616,5577,10803,6751,6791,9385
2022-03-23,7380,2960,1616,5579,10803,6752,6795,9387
2022-03-24,7382,2960,1616,5581,10803,6752,6795,9387
2022-03-25,7382,2961,1616,5586,10805,6752,6798,9391
2022-03-26,7384,2962,1617,5587,10803,6754,6803,9395
2022-03-27,7386,2963,1618,5592,10803,6756,6805,9398
2022-03-28,7386,2964,1619,5595,10805,6756,6805,9402
2022-03-29,7388,2964,1619,5597,10806,6760,6806,9403
2022-03-30,7390,2965,1620,5600,10809,6762,6806,9408
2022-03-31,7392,2967,1621,5602,10809,6763,6806,9405
2022-04-01,7394,2967,1621,5604,10813,6767,6810,9409
2022-04-02,7396,2968,1622,5608,10815,6767,6812,9409
2022-04-03,7398,2969,1623,5614,10816,6767,6814,9410
2022-04-04,7398,2971,1624,5617,10820,6770,6822,9411
2022-04-05,7399,2971,1625,5621,10824,6770,6822,9421
2022-04-06,7400,2972,1626,5624,10825,6773,6822,9427
2022-04-07,7402,2974,1628,5628,10827,6773,6822,9431
2022-04-08,7404,2975,1628,5631,10825,6773,6823,9432
2022-04-09,7405,2976,1628,5633,10827,6774,6827,9435
2022-04-10,7409,2977,1630,5636,10831,6774,6827,9438
2022-04-11,7412,2978,1631,5640,10834,6774,6830,9439
2022-04-12,7413,2979,1631,5643,10835,6775,6834,9444
2022-04-13,7416,2980,1632,5646,10836,6775,6834,9449
2022-04-14,7418,2981,1633,5648,10843,6774,6836,9453
2022-04-15,7420,2981,1634,5651,10843,6774,6838,9453
2022-04-16,7421,2984,1636,5656,10847,6774,6838,9454
2022-04-17,7423,2984,1637,5660,10847,6775,6838,9458
2022-04-18,7425,2985,1638,5663,10850,6778,6842,9461
2022-04-19,7426,2986,1639,5666,10853,6776,6842,9464
2022-04-20,7427,2987,1640,5669,10858,6776,6846,9472
2022-04-21,7429,2988,1641,5670,10859,6778,6846,9474
2022-04-22,7431,2989,1641,5674,10861,6779,6846,9480
2022-04-23,7434,2990,1642,5675,10867,6780,6846,9480
2022-04-24,7437,2991,1642,5679,10867,6782,6846,9488
2022-04-25,7438,2992,1643,5680,10868,6782,6846,9494
2022-04-26,7440,2993,1643,5681,10871,6782,6846,9503
2022-04-27,7442,2994,1644,5684,10871,6782,6847,9511
2022-04-28,7444,2996,1645,5685,10881,6782,6847,9516
2022-04-29,7445,2998,1647,5689,10883,6782,6847,9524
2022-04-30,7445,2999,1647,5691,10886,6785,6851,9528
2022-05-01,7447,3000,1648,5695,10887,6787,6851,9531
2022-05-02,7449,3001,1649,5699,10889,6787,6854,9534
2022-05-03,7450,3001,1649,5700,10888,6788,6858,9534
2022-05-04,7451,3002,1650,5703,10890,6789,6865,9534
2022-05-05,7452,3004,1651,5704,10891,6791,6865,9541
2022-05-06,7455,3005,1651,5705,10893,6796,6865,9541
2022-05-07,7457,3008,1652,5707,10893,6801,6868,9541
2022-05-08,7459,3008,1652,5710,10895,6802,6868,9542
2022-05-09,7461,3010,1653,5713,10895,6803,6868,9544
2022-05-10,7463,3010,1653,5717,10897,6805,6869,9544
2022-05-11,7465,3011,1653,5718,10898,6805,6869,9555
2022-05-12,7466,3012,1653,5721,10912,6809,6868,9559
2022-05-13,7468,3013,1654,5724,10914,6810,6868,9564
2022-05-14,7469,3014,1654,5728,10914,6810,6868,9566
2022-05-15,7470,3016,1655,5731,10915,6810,6872,9566
2022-05-16,7471,3017,1656,5734,10917,6811,6872,9566
2022-05-17,7473,3018,1656,5735,10918,6811,6872,9567
2022-05-18,7474,3019,1656,5738,10921,6811,6883,9570
2022-05-19,7475,3019,1657,5739,10923,6811,6883,9570
2022-05-20,7476,3021,1658,5742,10924,6814,6883,9578
2022-05-21,7478,3022,1659,5746,10932,6818,6883,9579
2022-05-22,7481,3023,1659,5750,10932,6818,6884,9600
2022-05-23,7483,3023,1660,5753,10932,6820,6888,9602
2022-05-24,7485,3024,1661,5757,10933,6820,6897,9608
2022-05-25,7486,3025,1663,5759,10933,6821,6897,9618
2022-05-26,7487,3026,1663,5762,10940,6822,6897,9637
2022-05-27,7488,3027,1664,5765,10942,6822,6898,9641
2022-05-28,7491,3028,1665,5767,10947,6822,6902,9646
2022-05-29,7492,3029,1665,5773,10952,6828,6906,9660
2022-05-30,7493,3030,1666,5776,10954,6828,6906,9665
2022-05-31,7494,3031,1666,5777,10954,6828,6906,9672
2022-06-01,7496,3032,1667,5780,10954,6828,6906,9683
2022-06-02,7498,3033,1667,5784,10955,6828,6907,9683
2022-06-03,7500,3034,1667,5786,10958,6830,6907,9684
2022-06-04,7501,3036,1668,5789,10962,6831,6909,9685
2022-06-05,7503,3036,1669,5793,10965,6831,6920,9695
2022-06-06,7505,3038,1670,5795,10967,6832,6921,9703
2022-06-07,7506,3038,1671,5798,10968,6841,6923,9705
2022-06-08,7508,3039,1671,5800,10969,6841,6924,9705
2022-06-09,7513,3039,1671,5803,10978,6844,6926,9707
2022-06-10,7517,3041,1671,5807,10980,6846,6927,9708
2022-06-11,7519,3042,1672,5811,10983,6846,6927,9722
2022-06-12,7522,3042,1673,5815,10991,6846,6927,9725
2022-06-13,7525,3043,1673,5817,10995,6849,6927,9726
2022-06-14,7527,3044,1674,5819,10995,6849,6928,9738
2022-06-15,7530,3045,1674,5822,10997,6850,6928,9750
2022-06-16,7531,3046,1675,5823,11001,6853,6931,9750
2022-06-17,7534,3046,1676,5827,11001,6854,6931,9758
2022-06-18,7534,3047,1678,5829,11002,6854,6931,9760
2022-06-19,7537,3049,1680,5831,11005,6854,6931,9767
2022-06-20,7538,3050,1680,5835,11010,6854,6936,9779
2022-06-21,7540,3050,1680,5839,11010,6861,6936,9783
2022-06-22,7541,3051,1680,5842,11005,6859,6935,9785
2022-06-23,7542,3050,1681,5843,11010,6853,6934,9762
2022-06-24,7544,3051,1682,5845,11005,6853,6934,9762
2022-06-25,7545,3052,1682,5847,11005,6853,6936,9765
2022-06-26,7547,3053,1683,5851,11003,6858,6936,9765
2022-06-27,7549,3054,1684,5855,11004,6858,6936,9774
2022-06-28,7550,3055,1685,5858,11005,6858,6939,9778
2022-06-29,7552,3056,1686,5860,11011,6858,6942,9780
2022-06-30,7553,3056,1686,5866,11014,6859,6942,9785
2022-07-01,7554,3056,1688,5868,11024,6859,6942,9786
2022-07-02,7556,3058,1688,5869,11024,6861,6942,9790
2022-07-03,7557,3059,1688,5871,11024,6861,6943,9795
2022-07-04,7557,3059,1689,5872,11025,6862,6943,9798
2022-07-05,7559,3060,1689,5876,11027,6866,6943,9798
2022-07-06,7562,3061,1690,5878,11040,6866,6944,9804
2022-07-07,7563,3061,1690,5883,11046,6868,6943,9804
2022-07-08,7564,3063,1691,5885,11048,6868,6944,9804
2022-07-09,7565,3064,1691,5888,11049,6868,6944,9812
2022-07-10,7568,3064,1692,5894,11049,6870,6944,9814
2022-07-11,7569,3065,1692,5897,11049,6870,6967,9816
2022-07-12,7571,3066,1692,5899,11056,6872,6978,9816
2022-07-13,7572,3067,1693,5901,11056,6874,6979,9819
2022-07-14,7573,3068,1694,5903,11056,6874,6979,9819
2022-07-15,7574,3068,1695,5908,11055,6874,6978,9819
2022-07-16,7575,3068,1696,5909,11056,6875,6979,9823
2022-07-17,7576,3070,1696,5910,11062,6882,6979,9823
2022-07-18,7578,3072,1696,5913,11061,6885,6982,9823
2022-07-19,7579,3073,1696,5915,11061,6887,6983,9835
2022-07-20,7581,3073,1697,5916,11061,6889,6983,9838
2022-07-21,7582,3074,1697,5919,11065,6887,6985,9849
2022-07-22,7584,3074,1697,5921,11074,6890,6985,9850
2022-07-23,7585,3075,1698,5924,11073,6890,6987,9865
2022-07-24,7586,3076,1699,5926,11074,6890,6987,9868
2022-07-25,7588,3077,1700,5927,11077,6893,6987,9870
2022-07-26,7590,3077,1700,5930,11079,6893,6988,9873
2022-07-27,7593,3077,1701,5932,11083,6893,6994,9875
2022-07-28,7594,3077,1701,5934,11085,6894,6994,9881
2022-07-29,7595,3078,1701,5938,11093,6895,6994,9883
2022-07-30,7597,3079,1702,5941,11095,6895,7001,9895
2022-07-31,7600,3080,1702,5945,11098,6898,7007,9905
2022-08-01,7602,3081,1702,5947,11107,6898,7007,9906
2022-08-02,7604,3083,1703,5949,11110,6898,7006,9913
2022-08-03,7606,3084,1704,5951,11110,6898,7006,9921
2022-08-04,7607,3084,1705,5954,11115,6898,7007,9927
2022-08-05,7609,3085,1705,5956,11117,6900,7007,9932
2022-08-06,7611,3086,1706,5959,11119,6902,7009,9932
2022-08-07,7613,3087,1707,5961,11121,6906,7009,9936
2022-08-08,7613,3088,1707,5965,11121,6906,7009,9936
2022-08-09,7615,3089,1708,5967,11119,6906,7020,9938
2022-08-10,7616,3090,1710,5968,11119,6910,7020,9940
2022-08-11,7617,3091,1710,5970,11123,6910,7020,9942
2022-08-12,7618,3092,1711,5971,11128,6915,7020,9949
2022-08-13,7619,3093,1711,5974,11128,6917,7020,9949
2022-08-14,7620,3094,1711,5976,11131,6917,7020,9951
2022-08-15,7621,3095,1712,5978,11131,6919,7020,9951
2022-08-16,7623,3095,1712,5980,11133,6919,7022,9957
2022-08-17,7625,3095,1714,5981,11136,6919,7022,9957
2022-08-18,7626,3095,1714,5983,11136,6919,7024,9963
2022-08-19,7627,3096,1715,5989,11140,6919,7026,9971
2022-08-20,7629,3098,1715,5991,11142,6921,7026,9979
2022-08-21,7632,3100,1716,5997,11145,6923,7028,9979
2022-08-22,7634,3101,1717,6001,11147,6934,7040,9995
2022-08-23,7635,3103,1718,6001,11152,6934,7040,9988
2022-08-24,7636,3104,1718,6003,11153,6935,7040,9986
2022-08-25,7637,3104,1719,6004,11154,6935,7040,9988
2022-08-26,7640,3105,1719,6007,11154,6935,7040,9996
2022-08-27,7641,3107,1719,6008,11154,6935,7041,10000
2022-08-28,7642,3108,1719,6010,11155,6935,7041,10001
2022-08-29,7644,3109,1720,6011,11163,6937,7045,10003
2022-08-30,7646,3110,1720,6012,11171,6937,7045,10004
2022-08-31,7648,3113,1720,6014,11172,6938,7045,10007
2022-09-01,7650,3114,1721,6016,11176,6938,7045,10009
2022-09-02,7651,3115,1722,6017,11176,6938,7046,10012
2022-09-03,7653,3116,1723,6019,11174,6938,7048,10014
2022-09-04,7654,3116,1724,6020,11179,6940,7050,10017
2022-09-05,7656,3116,1725,6024,11181,6940,7050,10019
2022-09-06,7657,3118,1725,6026,11181,6940,7050,10019
2022-09-07,7658,3119,1725,6029,11183,6944,7048,10019
2022-09-08,7660,3120,1726,6032,11186,6944,7059,10023
2022-09-09,7662,3120,1726,6034,11187,6945,7050,10024
2022-09-10,7663,3120,1727,6036,11189,6945,7059,10030
2022-09-11,7665,3122,1727,6038,11189,6945,7059,10032
2022-09-12,7667,3122,1728,6040,11192,6947,7059,10033
2022-09-13,7668,3123,1728,6041,11193,6947,7059,10033
2022-09-14,7669,3123,1728,6043,11197,6951,7059,10033
2022-09-15,7670,3124,1728,6044,11199,6951,7063,10035
2022-09-16,7672,3126,1728,6046,11199,6952,7063,10037
2022-09-17,7674,3127,1729,6050,11199,6952,7063,10041
2022-09-18,7675,3127,1729,6052,11200,6952,7065,10046
2022-09-19,7676,3128,1729,6053,11200,6952,7066,10059
2022-09-20,7677,3129,1730,6053,11202,6957,7068,10059
2022-09-21,7677,3130,1731,6053,11202,6957,7069,10061
2022-09-22,7678,3131,1732,6055,11203,6958,7069,10063
2022-09-23,7679,3131,1732,6057,11203,6958,7072,10063
2022-09-24,7681,3132,1732,6059,11206,6963,7072,10065
2022-09-25,7681,3133,1732,6061,11208,6963,7072,10072
2022-09-26,7683,3134,1733,6064,11211,6963,7068,10080
2022-09-27,7685,3134,1733,6067,11221,6963,7068,10080
2022-09-28,7686,3135,1734,6068,11222,6966,7068,10080
2022-09-29,7688,2593,1734,6070,11225,8883,7068,10083
2022-09-30,7666,2602,1735,6071,11293,8898,7068,10085
2022-10-01,7672,2613,1735,6075,11296,8920,7069,10086
2022-10-02,7675,2618,1735,6080,11297,8923,7072,10091
2022-10-03,7677,2622,1736,6082,11299,8945,7074,10091
2022-10-04,7681,2625,1737,6083,11301,8949,7080,10091
2022-10-05,7684,2632,1738,6085,11304,8966,7082,10098
2022-10-06,7686,2638,1738,6087,11310,8972,7082,10098
2022-10-07,7688,2641,1738,6090,11310,8974,7083,10098
2022-10-08,7691,2648,1739,6092,11316,8976,7083,10100
2022-10-09,7693,2652,1741,6096,11323,8984,7087,10101
2022-10-10,7695,2654,1741,5579,11323,8990,7114,9594
2022-10-11,7697,2660,1741,5599,11325,9002,7114,9607
2022-10-12,7699,2663,1742,5605,11330,9008,7114,9621
2022-10-13,7701,2668,1742,5610,11330,9016,7120,9624
2022-10-14,7703,2671,1743,5614,11330,9024,7120,9627
2022-10-15,7705,2677,1744,5619,11332,9026,7120,9629
2022-10-16,7706,2684,1745,5622,11334,9033,7120,9629
2022-10-17,7707,2689,1746,5625,11336,9033,7122,9641
2022-10-18,7708,2690,1746,5630,11338,9037,7122,9642
2022-10-19,7709,2692,1746,5633,11341,9042,7122,9647
2022-10-20,7710,2697,1747,5635,11346,9056,7122,9651
2022-10-21,7712,2700,1747,5638,11347,9056,7122,9651
2022-10-22,7712,2706,1748,5645,11351,9059,7124,9654
2022-10-23,7714,2710,1749,5651,11354,9065,7137,9655
2022-10-24,7715,2715,1749,5655,11355,9069,7137,9660
2022-10-25,7716,2716,1751,5656,11356,9074,7140,9661
2022-10-26,7717,2719,1751,5658,11357,9076,7142,9662
2022-10-27,7718,2721,1751,5661,11358,9082,7144,9664
2022-10-28,7719,2725,1752,5665,11359,9088,7144,9680
2022-10-29,7721,2731,1752,5669,11367,9094,7144,9680
2022-10-30,7723,2737,1753,5673,11373,9094,7144,9681
2022-10-31,7725,2741,1753,5676,11375,9095,7144,9684
2022-11-01,7726,2745,1754,5680,11375,9096,7144,9691
2022-11-02,7727,2748,1755,5682,11375,9099,7144,9691
2022-11-03,7728,2752,1757,5685,11377,9102,7144,9691
2022-11-04,7731,2757,1757,5688,11377,9102,7147,9695
2022-11-05,7734,2761,1758,5692,11378,9102,7147,9698
2022-11-06,7735,2766,1759,5696,11381,9105,7147,9703
2022-11-07,7737,2768,1759,5699,11385,9111,7148,9707
2022-11-08,7739,2770,1759,5701,11385,9114,7149,9709
2022-11-09,7740,2773,1760,5704,11386,9117,7150,9712
2022-11-10,7742,2776,1760,5705,11389,9129,7152,9724
2022-11-11,7743,2781,1761,5707,11392,9130,7148,9725
2022-11-12,7745,2785,1761,5711,11393,9136,7148,9733
2022-11-13,7747,2790,1761,5713,11394,9138,7147,9737
2022-11-14,7749,2795,1762,5715,11396,9150,7147,9740
2022-11-15,7750,2797,1763,5717,11397,9155,7147,9740
2022-11-16,7750,2799,1763,5719,11401,9157,7147,9737
2022-11-17,7752,2801,1764,5723,11401,9159,7153,9737
2022-11-18,7754,2806,1764,5727,11401,9162,7153,9740
2022-11-19,7755,2811,1764,5730,11403,9170,7156,9745
2022-11-20,7757,2815,1765,5735,11405,9173,7157,9746
2022-11-21,7757,2817,1765,5740,11405,9173,7157,9746
2022-11-22,7758,2819,1765,5740,11403,9178,7157,9741
2022-11-23,7760,2823,1765,5744,11407,9178,7157,9745
2022-11-24,7760,2828,1765,5746,11408,9185,7159,9745
2022-11-25,7762,2833,1765,5749,11408,9191,7162,9745
2022-11-26,7762,2836,1766,5752,11408,9194,7162,9745
2022-11-27,7764,2838,1766,5755,11409,9204,7162,9760
2022-11-28,7766,2841,1767,5760,11410,9208,7164,9761
2022-11-29,7766,2842,1767,5763,11412,9216,7164,9762
2022-11-30,7768,2844,1767,5766,11415,9216,7164,9764
2022-12-01,7769,2846,1767,5768,11421,9218,7164,9764
2022-12-02,7770,2849,1767,5771,11422,9220,7164,9765
2022-12-03,7772,2852,1767,5775,11424,9224,7164,9770
2022-12-04,7774,2855,1768,5779,11424,9228,7167,9776
2022-12-05,7776,2858,1768,5782,11427,9228,7167,9776
2022-12-06,7777,2863,1769,5784,11432,9240,7167,9777
2022-12-07,7778,2864,1770,5789,11436,9241,7168,9779
2022-12-08,7780,2866,1770,5792,11437,9244,7168,9785
2022-12-09,7781,2870,1771,5796,11437,9246,7168,9791
2022-12-10,7782,2873,1772,5800,11439,9247,7171,9791
2022-12-11,7785,2874,1772,5804,11439,9260,7171,9797
2022-12-12,7787,2878,1772,5806,11441,9262,7173,9800
2022-12-13,7789,2882,1772,5808,11442,9262,7173,9805
2022-12-14,7790,2884,1772,5812,11445,9278,7173,9807
2022-12-15,7792,2886,1772,5813,11449,9278,7173,9810
2022-12-16,7793,2888,1773,5816,11450,9283,7173,9829
2022-12-17,7794,2894,1774,5820,11453,9287,7176,9837
2022-12-18,7795,2898,1774,5823,11455,9291,7176,9842
2022-12-19,7796,2902,1775,5825,11456,9301,7177,9847
2022-12-20,7798,2905,1776,5826,11456,9308,7177,9862
2022-12-21,7801,2908,1777,5828,11460,9308,7180,9868
2022-12-22,7803,2909,1777,5831,11461,9308,7181,9872
2022-12-23,7804,2912,1778,5834,11462,9321,7184,9884
2022-12-24,7806,2917,1779,5838,11463,9316,7184,9891
2022-12-25,7808,2921,1779,5843,11464,9328,7184,9893
2022-12-26,7810,2921,1780,5845,11464,9328,7190,9895
2022-12-27,7811,2922,1780,5848,11464,9333,7194,9900
2022-12-28,7815,2924,1780,5851,11464,9334,7195,9900
2022-12-29,7818,2928,1780,5854,11465,9341,7198,9908
2022-12-30,7820,2931,1781,5856,11464,9344,7198,9911
2022-12-31,7821,2934,1781,5859,11468,9344,7204,9923
2023-01-01,7822,2937,1782,5862,11468,9344,7204,9941
2023-01-02,7823,2942,1782,5868,11468,9352,7204,9948
2023-01-03,7824,2944,1782,5869,11468,9353,7204,9953
2023-01-04,7825,2945,1783,5871,11468,9354,7204,9963
2023-01-05,7826,2948,1783,5874,11468,9355,7204,9971
2023-01-06,7827,2952,1784,5875,11469,9358,7205,9973
2023-01-07,7828,2954,1784,5879,11469,9358,7206,9988
2023-01-08,7830,2956,1784,5882,11471,9359,7206,10002
2023-01-09,7832,2958,1785,5884,11473,9362,7206,10006
2023-01-10,7834,2960,1785,5886,11477,9362,7209,10007
2023-01-11,7835,2963,1786,5888,11478,9362,7209,10008
2023-01-12,7837,2964,1786,5891,11479,9372,7209,10017
2023-01-13,7838,2969,1786,5896,11484,9382,7209,10020
2023-01-14,7840,2971,1786,5900,11494,9387,7206,10027
2023-01-15,7843,2974,1787,5905,11495,9391,7212,10029
2023-01-16,7844,2976,1787,5908,11497,9387,7222,10035
2023-01-17,7846,2981,1787,5911,11499,9395,7222,10035
2023-01-18,7847,2984,1788,5913,11501,9400,7222,10038
2023-01-19,7847,2987,1789,5916,11500,9407,7222,10043
2023-01-20,7849,2988,1789,5918,11509,9410,7227,10045
2023-01-21,7851,2993,1789,5920,11511,9420,7227,10050
2023-01-22,7852,2994,1789,5922,11514,9424,7228,10056
2023-01-23,7853,2996,1790,5924,11517,9424,7228,10068
2023-01-24,7854,2997,1790,5926,11517,9433,7228,10069
2023-01-25,7855,2999,1790,5927,11519,9442,7228,10074
2023-01-26,7858,3001,1791,5932,11520,9446,7231,10088
2023-01-27,7859,3003,1791,5934,11519,9446,7236,10104
2023-01-28,7862,3007,1791,5939,11520,9446,7239,10104
2023-01-29,7865,3010,1792,5941,11520,9452,7241,10110
2023-01-30,7867,3011,1793,5944,11520,9452,7244,10110
2023-01-31,7863,3012,1793,5949,11520,9452,7244,10115
2023-02-01,7864,3016,1794,5951,11530,9452,7244,10125
2023-02-02,7867,3017,1794,5954,11533,9452,7249,10126
2023-02-03,7868,3020,1794,5956,11533,9463,7249,10142
2023-02-04,7869,3021,1795,5958,11534,9469,7252,10161
2023-02-05,7871,3024,1796,5962,11536,9469,7256,10170
2023-02-06,7873,3026,1796,5963,11537,9475,7256,10181
2023-02-07,7874,3027,1797,5966,11540,9475,7256,10182
2023-02-08,7876,3028,1798,5969,11545,9482,7256,10188
2023-02-09,7878,3031,1798,5970,11546,9482,7256,10192
2023-02-10,7880,3037,1799,5973,11548,9482,7256,10200
2023-02-11,7881,3040,1799,5975,11550,9490,7256,10204
2023-02-12,7883,3042,1799,5977,11550,9491,7256,10205
2023-02-13,7884,3046,1800,5979,11550,9493,7256,10217
2023-02-14,7885,3049,1800,5981,11551,9497,7258,10217
2023-02-15,7887,3052,1800,5985,11556,9497,7258,10231
2023-02-16,7889,3053,1801,5987,11558,9501,7261,10249
2023-02-17,7889,3056,1801,5989,11558,9502,7261,10257
2023-02-18,7892,3058,1801,5993,11564,9505,7261,10265
2023-02-19,7894,3062,1802,5996,11572,9522,7267,10272
2023-02-20,7896,3064,1802,5998,11576,9531,7267,10280
2023-02-21,7899,3066,1802,6000,11577,9533,7268,10291
2023-02-22,7900,3068,1803,6002,11587,9539,7268,10304
2023-02-23,7902,3072,1803,6005,11590,9549,7268,10312
2023-02-24,7890,3074,1804,6008,11563,9533,7268,10313
2023-02-25,7899,3075,1804,6010,11563,9542,7268,10313
2023-02-26,7903,3080,1804,6014,11566,9551,7270,10332
2023-02-27,7904,3082,1804,6015,11567,9553,7270,10337
2023-02-28,7905,3084,1804,6017,11572,9553,7270,10338
2023-03-01,7906,3086,1805,6018,11573,9556,7277,10339
2023-03-02,7907,3086,1805,6020,11579,9556,7285,10350
2023-03-03,7908,3087,1805,6022,11580,9572,7285,10359
2023-03-04,7909,3090,1805,6025,11582,9572,7285,10360
2023-03-05,7910,3092,1805,6030,11589,9572,7286,10368
2023-03-06,7911,3095,1806,6031,11593,9573,7286,10368
2023-03-07,7912,3099,1806,6035,11594,9583,7286,10390
2023-03-08,7913,3102,1807,6036,11597,9590,7293,10398
2023-03-09,7914,3104,1807,6039,11597,9592,7293,10406
2023-03-10,7915,3105,1808,6041,11597,9597,7293,10411
2023-03-11,7917,3107,1808,6043,11597,9597,7293,10422
2023-03-12,7920,3114,1808,6045,11598,9605,7293,10431
2023-03-13,7922,3118,1809,6046,11598,9615,7293,10434
2023-03-14,7923,3120,1809,6049,11603,9615,7296,10440
2023-03-15,7926,3124,1810,6051,11604,9615,7296,10444
2023-03-16,7928,3127,1810,6054,11608,9624,7296,10450
2023-03-17,7929,3128,1810,6057,11609,9627,7303,10452
2023-03-18,7931,3131,1810,6060,11611,9625,7303,10452
2023-03-19,7931,3134,1811,6063,11618,9628,7309,10456
2023-03-20,7933,3135,1812,6066,11620,9629,7310,10459
2023-03-21,7933,3138,1813,6069,11620,9629,7316,10469
2023-03-22,7934,3140,1814,6070,11621,9629,7316,10471
2023-03-23,7935,3143,1814,6071,11621,9635,7316,10472
2023-03-24,7937,3147,1814,6074,11624,9662,7316,10483
2023-03-25,7938,3150,1814,6077,11628,9668,7316,10493
2023-03-26,7939,3151,1814,6080,11628,9668,7316,10496
2023-03-27,7940,3153,1815,6083,11633,9671,7316,10504
2023-03-28,7942,3156,1815,6085,11634,9673,7316,10510
2023-03-29,7942,3160,1816,6087,11636,9673,7316,10519
2023-03-30,7944,3161,1817,6089,11637,9673,7316,10527
2023-03-31,7945,3162,1817,6091,11637,9676,7316,10531
2023-04-01,7947,3163,1817,6095,11642,9676,7316,10536
2023-04-02,7950,3165,1819,6098,11646,9679,7316,10547
2023-04-03,7951,3169,1820,6101,11646,9679,7322,10550
2023-04-04,7954,3172,1820,6104,11648,9679,7322,10560
2023-04-05,7954,3173,1821,6107,11649,9681,7326,10570
2023-04-06,7956,3175,1822,6109,11650,9682,7326,10570
2023-04-07,7957,3175,1822,6114,11650,9682,7326,10582
2023-04-08,7958,3179,1822,6115,11650,9682,7326,10595
2023-04-09,7959,3182,1823,6119,11651,9686,7327,10602
2023-04-10,7960,3185,1824,6122,11654,9688,7327,10607
2023-04-11,7961,3188,1824,6124,11654,9688,7327,10632
2023-04-12,7963,3189,1825,6125,11656,9688,7327,10638
2023-04-13,7966,3191,1825,6126,11657,9686,7328,10651
2023-04-14,7967,3193,1825,6129,11661,9688,7333,10652
2023-04-15,7969,3198,1825,6133,11665,9688,7334,10662
2023-04-16,7971,3201,1825,6135,11667,9697,7334,10674
2023-04-17,7972,3204,1825,6137,11667,9703,7334,10685
2023-04-18,7974,3205,1825,6139,11668,9703,7334,10689
2023-04-19,7975,3206,1826,6141,11671,9703,7334,10693
2023-04-20,7976,3209,1826,6141,11673,9710,7335,10693
2023-04-21,7978,3211,1826,6144,11674,9712,7335,10711
2023-04-22,7981,3215,1826,6148,11675,9715,7335,10737
2023-04-23,7982,3217,1827,6152,11677,9715,7335,10757
2023-04-24,7984,3217,1828,6155,11678,9715,7335,10767
2023-04-25,7986,3220,1828,6156,11679,9717,7335,10767
2023-04-26,7987,3222,1828,6159,11678,9717,7335,10776
2023-04-27,7988,3223,1828,6161,11680,9719,7336,10788
2023-04-28,7989,3225,1828,6163,11677,9719,7349,10792
2023-04-29,7990,3226,1828,6166,11677,9719,7350,10801
2023-04-30,7992,3227,1828,6169,11678,9719,7350,10806
2023-05-01,7993,3229,1829,6171,11678,9719,7349,10816
2023-05-02,7994,3230,1830,6173,11678,9724,7350,10826
2023-05-03,7994,3232,1831,6174,11680,9724,7350,10834
2023-05-04,7995,3233,1831,6176,11681,9724,7350,10845
2023-05-05,7995,3234,1831,6178,11681,9724,7350,10847
2023-05-06,7996,3238,1832,6180,11681,9724,7350,10850
2023-05-07,7999,3238,1832,6185,11683,9724,7350,10860
2023-05-08,8000,3239,1832,6187,11685,9724,7350,10873
2023-05-09,8002,3243,1832,6189,11690,9729,7350,10883
2023-05-10,8003,3244,1833,6190,11689,9729,7353,10892
2023-05-11,8004,3245,1833,6191,11692,9725,7353,10896
2023-05-12,8005,3248,1833,6194,11692,9733,7353,10896
2023-05-13,8006,3249,1833,6196,11693,9733,7353,10902
2023-05-14,8008,3252,1833,6199,11693,9733,7353,10904
2023-05-15,8009,3255,1834,6201,11694,9734,7356,10923
2023-05-16,8011,3256,1835,6203,11694,9739,7368,10922
2023-05-17,8012,3258,1835,6205,11694,9745,7368,10923
2023-05-18,8014,3260,1835,6207,11698,9747,7368,10923
2023-05-19,8017,3263,1835,6212,11698,9749,7367,10928
2023-05-20,8020,3264,1836,6213,11698,9762,7368,10930
2023-05-21,8023,3266,1837,6215,11700,9762,7367,10940
2023-05-22,8024,3267,1838,6217,11706,9767,7368,10941
2023-05-23,8025,3269,1838,6220,11712,9776,7368,10948
2023-05-24,8026,3270,1839,6221,11713,9780,7368,10957
2023-05-25,8028,3272,1839,6222,11720,9780,7369,10957
2023-05-26,8029,3273,1839,6224,11721,9783,7369,10959
2023-05-27,8030,3274,1839,6228,11721,9783,7369,10963
2023-05-28,8031,3276,1839,6230,11721,9785,7369,10973
2023-05-29,8032,3276,1840,6232,11725,9786,7369,10982
2023-05-30,8034,3278,1841,6236,11725,9786,7369,10987
2023-05-31,8034,3279,1841,6239,11728,9787,7369,10994
2023-06-01,8036,3282,1842,6240,11728,9787,7369,11001
2023-06-02,8037,3283,1843,6245,11734,9791,7369,11009
2023-06-03,8038,3285,1843,6248,11736,9797,7370,11018
2023-06-04,8040,3288,1843,6250,11745,9799,7372,11020
2023-06-05,8041,3289,1844,6251,11746,9803,7372,11033
2023-06-06,8042,3290,1845,6252,11748,9805,7372,11038
2023-06-07,8043,3291,1845,6253,11754,9811,7372,11042
2023-06-08,8044,3293,1846,6254,11755,9811,7372,11047
2023-06-09,8045,3294,1847,6256,11761,9822,7372,11057
2023-06-10,8046,3296,1847,6257,11764,9822,7372,11059
2023-06-11,8047,3300,1848,6258,11767,9828,7377,11058
2023-06-12,8048,3301,1848,6260,11768,9828,7379,11059
2023-06-13,8049,3302,1848,6261,11774,9828,7379,11060
2023-06-14,8051,3303,1848,6262,11776,9828,7384,11065
2023-06-15,8052,3303,1848,6264,11784,9831,7386,11065
2023-06-16,8054,3304,1848,6267,11789,9828,7396,11065
2023-06-17,8055,3306,1848,6268,11792,9828,7396,11071
2023-06-18,8056,3309,1848,6270,11795,9828,7399,11083
2023-06-19,8057,3313,1849,6272,11795,9828,7401,11090
2023-06-20,8057,3315,1849,6272,11795,9843,7413,11094
2023-06-21,8059,3316,1850,6273,11798,9843,7418,11097
2023-06-22,8060,3320,1850,6276,11798,9847,7416,11103
2023-06-23,8061,3323,1851,6278,11800,9849,7418,11106
2023-06-24,8061,3324,1851,6282,11801,9855,7418,11110
2023-06-25,8063,3325,1851,6284,11802,9858,7418,11113
2023-06-27,8065,3329,1852,6287,11807,9859,7418,11118
2023-06-28,8068,3332,1852,6290,11807,9862,7418,11122
2023-06-29,8068,3333,1852,6292,11808,9862,7418,11119
2023-06-30,8069,3334,1853,6296,11810,9862,7418,11126
2023-07-01,8070,3336,1853,6298,11810,9865,7418,11133
2023-07-02,8073,3338,1854,6299,11811,9874,7421,11133
2023-07-03,8073,3341,1854,6302,11814,9876,7421,11138
2023-07-04,8074,3343,1854,6303,11814,9876,7422,11138
2023-07-05,8074,3344,1854,6304,11818,9878,7430,11139
2023-07-06,8076,3344,1855,6306,11821,9879,7430,11143
2023-07-07,8078,3345,1855,6309,11822,9881,7430,11148
2023-07-08,8079,3348,1856,6313,11831,9891,7426,11157
2023-07-09,8080,3349,1857,6316,11831,9891,7422,11165
2023-07-10,8083,3350,1857,6317,11832,9898,7435,11169
2023-07-11,8084,3353,1858,6319,11834,9899,7437,11173
2023-07-12,8085,3354,1858,6321,11834,9899,7444,11174
2023-07-13,8086,3355,1858,6322,11835,9901,7444,11180
2023-07-14,8089,3356,1858,6323,11838,9910,7454,11180
2023-07-15,8090,3357,1858,6328,11843,9919,7460,11184
2023-07-16,8091,3358,1859,6331,11843,9935,7460,11188
2023-07-17,8094,3359,1859,6335,11844,9932,7467,11195
2023-07-18,8096,3360,1859,6337,11847,9935,7468,11195
2023-07-19,8096,3362,1859,6337,11859,9942,7468,11199
2023-07-20,8097,3364,1859,6339,11860,9942,7477,11202
2023-07-21,8100,3365,1860,6341,11865,9953,7479,11202
2023-07-22,8101,3365,1860,6344,11873,9958,7473,11209
2023-07-23,8102,3366,1860,6346,11874,9958,7477,11209
2023-07-24,8103,3366,1861,6349,11874,9970,7480,11221
2023-07-25,8104,3367,1862,6352,11874,9970,7482,11233
2023-07-26,8105,3368,1862,6357,11879,9985,7491,11233
2023-07-27,8106,3369,1862,6358,11882,10000,7491,11241
2023-07-28,8108,3370,1862,6360,11886,10001,7495,11246
2023-07-29,8109,3372,1863,6360,11887,10001,7497,11258
2023-07-30,8110,3372,1862,6361,11892,10006,7495,11263
2023-07-31,8111,3373,1862,6363,11892,10006,7497,11263
2023-08-01,8112,3376,1863,6364,11894,10020,7501,11264
2023-08-02,8113,3376,1863,6366,11898,10021,7502,11275
2023-08-03,8115,3379,1864,6368,11902,10021,7504,11275
2023-08-04,8116,3382,1864,6369,11903,10021,7508,11276
2023-08-05,8119,3383,1864,6372,11906,10028,7515,11280
2023-08-06,8120,3385,1865,6375,11912,10029,7533,11281
2023-08-07,8121,3388,1865,6377,11920,10031,7533,11288
2023-08-08,8122,3388,1865,6378,11920,10032,7533,11285
2023-08-09,8124,3389,1866,6380,11921,10036,7533,11291
2023-08-10,8126,3390,1867,6382,11926,10036,7540,11292
2023-08-11,8128,3394,1868,6384,11941,10036,7540,11298
2023-08-12,8130,3395,1868,6386,11946,10036,7545,11302
2023-08-13,8131,3399,1868,6389,11951,10036,7545,11301
2023-08-14,8132,3402,1869,6392,11956,10036,7545,11308
2023-08-15,8133,3404,1869,6396,11957,10041,7545,11311
2023-08-16,8133,3406,1869,6397,11956,10042,7546,11314
2023-08-17,8134,3407,1869,6398,11961,10045,7546,11325
2023-08-18,8135,3409,1870,6400,11962,10048,7549,11331
2023-08-19,8136,3411,1870,6402,11967,10048,7550,11331
2023-08-20,8138,3411,1870,6405,11976,10048,7550,11333
2023-08-21,8140,3413,1870,6407,11979,10048,7557,11341
2023-08-22,8140,3413,1871,6409,11979,10048,7565,11347
2023-08-23,8141,3416,1871,6412,11980,10048,7567,11342
2023-08-24,8144,3417,1871,6415,11982,10048,7567,11347
2023-08-25,8144,3418,1871,6417,11982,10051,7567,11352
2023-08-26,8145,3419,1871,6419,11982,10054,7569,11355
2023-08-27,8147,3419,1871,6420,11982,10049,7569,11369
2023-08-28,8147,3421,1871,6423,11982,10054,7569,11382
2023-08-29,8147,3422,1872,6424,11983,10055,7569,11388
2023-08-30,8148,3423,1872,6426,11985,10055,7576,11386
2023-08-31,8149,3425,1872,6428,11987,10058,7579,11391
2023-09-01,8150,3426,1873,6430,11987,10063,7579,11391
2023-09-02,8152,3428,1873,6431,11990,10065,7579,11395
2023-09-03,8152,3430,1874,6433,11992,10067,7576,11395
2023-09-04,8153,3433,1874,6435,11992,10069,7576,11398
2023-09-05,8154,3434,1875,6437,11995,10067,7579,11399
2023-09-06,8155,3435,1875,6438,11995,10067,7580,11406